Word,Frequency
ai,1667
system,1478
risk,776
regulation,729
article,645
eu,528
high,527
authority,521
provider,516
union,461
purpose,459
market,403
model,366
person,348
law,334
datum,334
use,314
european,286
relevant,284
provide,279
commission,278
requirement,269
information,263
body,255
general,253
national,251
oj,248
l,238
member,237
set,228
obligation,228
appropriate,223
assessment,221
service,212
council,209
ensure,209
right,207
accordance,204
conformity,193
notify,192
paragraph,185
parliament,184
surveillance,182
deployer,175
competent,166
annex,160
condition,159
eli,158
states,158
measure,157
point,154
natural,151
technical,150
place,150
compliance,150
testing,147
protection,145
particular,143
establish,143
act,143
enforcement,139
office,138
intend,137
apply,137
activity,136
necessary,135
directive,134
applicable,134
public,133
take,131
section,130
concern,128
specific,127
decision,126
procedure,124
documentation,124
request,122
biometric,121
ec,121
level,117
account,116
b,115
safety,113
mean,111
sandbox,111
list,110
pursuant,109
subject,109
product,109
rule,109
real,108
access,105
fundamental,105
state,104
regard,104
development,103
lay,101
relate,100
identification,100
personal,99
management,99
carry,98
process,96
task,96
iii,94
consider,94
case,92
practice,91
regulatory,90
application,89
order,89
training,86
c,86
impact,86
legal,86
cover,85
available,84
follow,82
chapter,81
systemic,81
implement,79
world,77
base,76
require,75
adopt,74
standard,74
comply,74
inform,73
support,73
data,73
health,72
certain,72
basis,72
human,71
identify,70
facilitate,70
affect,70
non,68
develop,67
representative,67
prejudice,66
control,66
amend,65
board,65
component,65
issue,65
institution,64
power,64
perform,64
report,64
d,64
possible,63
quality,63
harmonisation,63
result,62
implementation,61
legislation,61
code,60
time,60
objective,60
group,60
action,59
relation,59
criminal,59
operator,58
period,58
reason,57
certificate,56
fulfil,56
need,56
assess,56
harmonised,54
context,54
monitoring,54
capability,54
interest,54
way,54
output,54
conduct,53
design,52
remote,52
allow,51
cybersecurity,51
effective,51
evaluation,51
individual,51
administrative,51
prospective,51
extent,51
tool,51
agency,50
provision,50
security,50
example,49
digital,49
content,49
database,49
scope,48
fine,48
financial,47
notification,47
respect,47
cooperation,47
party,46
safeguard,46
infringement,46
effect,46
involve,46
exist,46
generate,46
authorise,46
scientific,46
framework,46
artificial,45
protect,45
intelligence,45
change,45
meet,45
publicly,45
organisation,44
present,44
processing,44
harm,43
governance,43
delay,43
number,42
notifying,42
post,42
authorisation,42
specification,41
transparency,41
subparagraph,41
accessible,41
regulations,41
common,41
view,41
sme,41
internal,40
operation,40
adequate,40
element,39
offence,39
address,39
meaning,39
year,39
performance,39
classify,38
date,38
expert,38
contain,38
e,38
repeal,37
manner,37
enable,37
characteristic,37
description,37
start,37
specify,36
significant,36
work,36
new,36
give,36
prohibit,36
integrate,35
space,35
register,35
delegate,35
declaration,35
border,35
nature,35
lead,35
obtain,34
placing,34
free,34
field,34
incident,34
source,33
thereof,33
type,33
make,33
area,33
panel,32
exception,32
detailed,32
instruction,32
able,32
evaluate,32
competence,32
contribute,31
define,31
stakeholder,31
behaviour,31
circumstance,31
behalf,31
document,31
exercise,31
standardisation,30
plan,30
freedom,30
country,30
test,30
submit,30
international,30
trade,30
innovation,30
f,29
reference,29
addition,29
august,29
large,29
contact,29
single,29
value,29
infrastructure,29
remain,28
responsibility,28
judicial,28
social,28
articles,28
designate,28
investigation,28
prevent,28
demonstrate,28
prior,28
principle,28
fall,28
physical,28
mitigate,28
g,27
foreseeable,27
term,27
critical,27
supervision,27
arrangement,27
criterion,27
agreement,27
situation,27
draw,27
far,27
outcome,27
asylum,26
good,26
designation,26
participation,26
light,25
resource,25
entity,25
participate,25
pose,25
supply,25
oversight,25
reasonably,25
undue,25
month,25
importer,25
input,25
category,25
intended,25
responsible,24
independent,24
additional,24
potential,24
decide,24
cooperate,24
understand,24
confidentiality,24
corrective,24
h,23
discrimination,23
research,23
limitation,23
adverse,23
modification,23
chain,23
solution,23
expertise,23
detail,23
directly,23
event,23
business,22
add,22
technique,22
important,22
likely,22
distributor,22
society,22
advisory,22
mandate,22
validation,22
end,22
log,22
withdraw,22
indicate,22
operational,22
prohibition,22
proportionate,22
cause,22
following,22
promote,22
putting,22
limit,22
detect,21
aim,21
amendment,21
train,21
guidance,21
put,21
benefit,21
detection,21
forum,21
open,21
course,21
text,21
life,21
encourage,21
v,21
monitor,21
making,20
technology,20
duly,20
bias,20
operate,20
supervise,20
keep,20
form,20
review,20
accuracy,20
restriction,20
publish,20
role,20
environmental,19
device,19
penalty,19
aspect,19
recommendation,19
achieve,19
ce,19
voluntary,19
mitigation,19
methodology,19
art,19
impose,19
determine,19
structure,19
june,19
annual,19
effectively,19
immediately,18
avoid,18
confirm,18
sector,18
write,18
disability,18
consumer,18
civil,18
guideline,18
robustness,18
substantial,18
complete,18
scale,18
functioning,18
function,18
supervisor,18
influence,18
key,18
essential,18
establishment,18
accompany,18
empower,18
collect,18
matter,18
property,18
fact,17
authorised,17
eec,17
image,17
day,17
defence,17
private,17
iv,17
evidence,17
environment,17
classification,17
mechanism,17
examination,17
migration,17
consult,17
notion,17
trustworthy,17
software,17
suspension,17
accord,17
knowledge,16
medical,16
emotion,16
consent,16
negative,16
copy,16
involvement,16
copyright,16
discriminatory,16
line,16
vulnerable,16
platform,16
age,16
charter,16
communication,16
continue,16
furthermore,16
infer,16
justify,16
registration,16
regardless,16
legislative,16
ii,16
raise,16
education,16
occur,16
improve,16
easily,16
misuse,15
special,15
harmonise,15
identity,15
different,15
target,15
remedy,15
degree,15
sensitive,15
economic,15
organise,15
receive,15
related,15
solely,15
reporting,15
privacy,15
limited,15
produce,15
verification,15
worker,15
sufficient,15
technological,15
official,15
long,15
restrict,15
expect,15
cost,15
online,15
commercial,15
pre,15
link,15
mark,15
bind,15
recognition,14
reduce,14
search,14
parameter,14
size,14
reflect,14
alert,14
particularly,14
equivalent,14
undertaking,14
qualified,14
credit,14
clear,14
strictly,14
exclude,14
interpret,14
approve,14
aware,14
minimise,14
increase,14
policy,14
verify,14
april,14
tfeu,14
language,14
assign,14
experimentation,14
maintain,14
approval,14
update,14
committee,14
categorisation,14
user,14
vii,14
vehicle,14
procedural,14
associate,14
justice,14
capacity,13
possibility,13
sole,13
guarantee,13
proper,13
assist,13
create,13
summary,13
release,13
threshold,13
threat,13
assistance,13
wide,13
appoint,13
manipulate,13
derogation,13
advice,13
equipment,13
affected,13
literacy,13
consequence,13
machine,12
feature,12
learn,12
profiling,12
journal,12
conclude,12
recall,12
suspend,12
sufficiently,12
february,12
modify,12
actor,12
represent,12
objection,12
contractual,12
energy,12
know,12
secret,12
licence,12
accessibility,12
similar,12
downstream,12
enter,12
indicator,12
organisational,12
constitute,12
prosecution,12
july,12
method,12
grant,12
professional,12
personality,12
supervisory,12
selection,12
coordination,12
regulate,12
interact,12
proceeding,12
arise,11
informed,11
template,11
future,11
supplement,11
video,11
benchmark,11
build,11
fail,11
presume,11
entry,11
complaint,11
insurance,11
investigate,11
exclusion,11
part,11
approach,11
relationship,11
bring,11
accordingly,11
drawing,11
sectoral,11
marking,11
find,11
outside,11
lifecycle,11
duration,11
disclosure,11
presumption,11
automatically,11
choice,11
prevention,11
military,11
practical,11
consultation,11
withdrawal,11
opinion,11
learning,10
consistent,10
exit,10
check,10
secure,10
enterprise,10
initial,10
ground,10
entire,10
fully,10
territory,10
november,10
materially,10
previously,10
specifically,10
independence,10
personnel,10
innovative,10
safe,10
irrespective,10
integrity,10
artificially,10
movement,10
cross,10
compliant,10
vi,10
burden,10
enshrine,10
record,10
insofar,10
trait,10
exchange,10
harmful,10
democracy,10
joint,10
deployment,10
suspect,10
embed,10
termination,10
permit,10
external,9
treatment,9
clarify,9
simplified,9
extend,9
manufacturer,9
explanation,9
autonomy,9
awareness,9
employment,9
effectiveness,9
format,9
finding,9
meeting,9
vulnerability,9
interaction,9
eligibility,9
share,9
origin,9
architecture,9
complement,9
ethical,9
certainty,9
statement,9
pattern,9
delete,9
electronic,9
deem,9
consistency,9
administration,9
damage,9
achievement,9
interface,9
understanding,9
specificity,9
democratic,9
examine,9
initiative,9
generally,9
modality,9
envisage,9
sexual,8
viii,8
disposal,8
complie,8
locate,8
alia,8
commitment,8
functional,8
failure,8
medium,8
intention,8
disruption,8
assume,8
confidential,8
facility,8
later,8
j,8
adoption,8
recognise,8
potentially,8
usage,8
attention,8
uptake,8
inter,8
correct,8
october,8
active,8
sub,8
lodge,8
central,8
visa,8
actual,8
facial,8
sharing,8
confer,8
fair,8
consideration,8
deploy,8
intellectual,8
child,8
float,8
undergo,8
separate,8
teu,8
late,8
reasonable,8
introduce,8
position,8
thereto,8
acknowledge,8
step,8
industry,8
march,8
communicate,8
metric,8
stand,8
exceptional,8
experience,8
police,8
foster,8
status,8
behavioural,8
distribution,8
opportunity,7
availability,7
technically,7
complexity,7
acquire,7
delegation,7
transport,7
vocational,7
ecosystem,7
prediction,7
serve,7
alter,7
xi,7
horizontal,7
deal,7
emerge,7
force,7
progress,7
valid,7
typically,7
clearly,7
definition,7
comparison,7
hold,7
hardware,7
manipulative,7
objectivity,7
regularly,7
overall,7
aviation,7
algorithm,7
impartiality,7
affix,7
conclusion,7
enhance,7
equality,7
invite,7
rely,7
immediate,7
traceability,7
ability,7
programme,7
charge,7
court,7
interoperability,7
bank,7
attack,7
liability,7
participant,7
accreditation,7
prepare,7
expression,7
trademark,7
shortcoming,7
reliability,7
mandatory,7
concrete,7
possibly,7
self,7
small,7
disclose,7
refuse,7
main,7
immigration,7
timely,7
instrument,7
setting,7
infringe,7
academia,7
properly,7
respective,7
reach,7
subsidiary,7
play,7
structured,6
transparent,6
incorrect,6
readable,6
dignity,6
people,6
adaptation,6
stop,6
material,6
help,6
efficient,6
comprehensive,6
basic,6
accountability,6
error,6
educational,6
schengen,6
probability,6
allocate,6
functionality,6
range,6
gravity,6
version,6
healthcare,6
unjustified,6
likelihood,6
eur,6
integration,6
equal,6
gender,6
collective,6
colour,6
treat,6
membership,6
orientation,6
political,6
ancillary,6
audio,6
flexibility,6
lifetime,6
adversarial,6
exceed,6
undertake,6
legitimate,6
local,6
manipulated,6
engine,6
determined,6
claim,6
select,6
premise,6
validity,6
jha,6
known,6
whichever,6
relevance,6
reliable,6
contrary,6
community,6
observe,6
second,6
distort,6
microenterprise,6
ethnic,6
factor,6
rights,6
hubs,6
analysis,6
detrimental,6
predict,6
transfer,6
prudential,6
emergency,6
labelling,6
suitable,6
sex,6
geographical,6
belong,6
enforce,6
enisa,6
sections,6
project,6
commit,6
gather,6
fulfilment,6
independently,6
dedicated,6
especially,6
collection,6
centric,6
minimum,6
xiii,6
suffer,6
alternative,6
turnover,5
malfunctioning,5
significantly,5
terminate,5
therefor,5
polygraph,5
priority,5
robust,5
accelerate,5
unique,5
tuning,5
extension,5
satisfy,5
ex,5
entitle,5
consumption,5
total,5
challenge,5
optimise,5
draft,5
jurisdiction,5
opt,5
api,5
generality,5
unfavourable,5
weight,5
network,5
display,5
consist,5
circumvent,5
intermediary,5
uniform,5
rapid,5
closely,5
staff,5
computation,5
exploit,5
channel,5
concerned,5
intrusive,5
rise,5
final,5
efficiency,5
travel,5
multiple,5
mutatis,5
unit,5
january,5
vote,5
footage,5
advise,5
road,5
propose,5
evolve,5
cease,5
mining,5
lawful,5
exploitation,5
urgency,5
justified,5
recourse,5
severity,5
convention,5
execution,5
heading,5
workplace,5
sign,5
proportionality,5
fairness,5
diversity,5
unacceptable,5
industrial,5
engage,5
improvement,5
synthetic,5
variety,5
diverse,5
unnecessary,5
continuous,5
duty,5
entrust,5
stem,5
controller,5
jointly,5
occurrence,5
bear,5
actively,5
appropriately,5
resilient,5
measurement,5
restrictive,5
explain,5
phase,5
fee,5
pursue,5
partner,5
publication,5
qualify,5
govern,5
legally,5
well,5
interpretation,5
illicit,5
effort,5
keeping,5
provenance,5
combination,5
accept,5
marketing,5
protocol,5
misleading,5
declare,5
hamper,5
victim,5
biased,5
chair,5
xii,5
promotion,5
meaningful,5
authentication,5
incomplete,5
run,5
representation,5
prescribe,5
initiate,5
explicit,4
estimate,4
insufficient,4
reasoned,4
ix,4
prosecute,4
substantiate,4
retention,4
enjoyment,4
eye,4
argument,4
reassessment,4
vary,4
programming,4
receipt,4
correction,4
crime,4
imminent,4
storage,4
match,4
depend,4
psychological,4
explicitly,4
audit,4
taking,4
feasible,4
strengthen,4
trafficking,4
violation,4
recording,4
verifiable,4
seek,4
nonetheless,4
diagnostic,4
machinery,4
underlie,4
contextual,4
offer,4
exceptionally,4
deep,4
fake,4
editorial,4
preclude,4
synergy,4
label,4
metrology,4
capable,4
competitiveness,4
oversee,4
resilience,4
attempt,4
manage,4
mutual,4
fraud,4
understandable,4
combine,4
competition,4
guide,4
innovator,4
reverse,4
standardization,4
vis,4
title,4
instance,4
economy,4
unfair,4
dissemination,4
strategy,4
conflict,4
employer,4
judge,4
care,4
demand,4
laboratory,4
coordinate,4
company,4
comprise,4
preparation,4
deliverable,4
certification,4
gain,4
instead,4
score,4
unlawful,4
balanced,4
connection,4
asset,4
reject,4
poisoning,4
indication,4
firm,4
automate,4
respectively,4
temporary,4
describe,4
agree,4
unambiguous,4
accident,4
election,4
motor,4
trailer,4
expose,4
campaign,4
sustainability,4
inclusive,4
packaging,4
treaty,4
fix,4
early,4
preserve,4
unable,4
prove,4
entail,4
pay,4
resolution,4
consistently,4
cumulative,4
unauthorised,4
genuine,4
systematic,4
eliminate,4
jeopardise,4
short,4
means,4
filter,4
freely,4
disproportionate,4
materialisation,4
frequency,4
distinct,4
rightsholder,4
choose,4
race,4
unlock,4
focus,4
proposal,4
replace,4
pace,4
substantially,4
come,4
computational,4
soon,4
pressure,4
compare,4
store,4
call,4
revoke,4
low,4
file,4
subcontractor,4
outline,4
express,4
seriousness,4
direct,4
lower,4
module,4
applicant,4
purely,4
oblige,4
attribute,4
traffic,4
environmentally,4
beneficial,4
racial,4
localisation,4
hleg,4
dialogue,4
worldwide,4
x,4
precede,4
livelihood,4
perpetuate,4
historical,4
undermine,3
eurodac,3
electricity,3
computing,3
centre,3
water,3
subsequent,3
authentic,3
one,3
semantic,3
moment,3
complementary,3
scheme,3
duplication,3
logic,3
notified,3
current,3
send,3
seven,3
adapt,3
competitive,3
socially,3
recruitment,3
housing,3
dependent,3
rationale,3
existence,3
unintended,3
week,3
despite,3
friendly,3
exploitative,3
object,3
algorithmic,3
teacher,3
inconsistency,3
anomaly,3
preparatory,3
handling,3
physiological,3
minor,3
comment,3
additionally,3
lawfully,3
barrier,3
acquisition,3
disinformation,3
stimulus,3
circumvention,3
proof,3
playing,3
response,3
refusal,3
unduly,3
registered,3
respond,3
religious,3
illegal,3
remove,3
alignment,3
great,3
sized,3
europe,3
global,3
filtering,3
redress,3
allocation,3
offend,3
documentary,3
permanent,3
voice,3
adhere,3
creative,3
compose,3
employee,3
subgroup,3
standardised,3
impartially,3
originally,3
population,3
indirectly,3
exclusively,3
reservation,3
investment,3
analyse,3
inequality,3
climate,3
substance,3
narrow,3
possession,3
provisional,3
annexe,3
growth,3
distribute,3
standing,3
standards,3
importance,3
death,3
presence,3
mutandis,3
temporal,3
hair,3
lift,3
protective,3
explosive,3
subcontract,3
strict,3
efficiently,3
miss,3
perpetrator,3
custodial,3
sentence,3
detention,3
maximum,3
competently,3
balance,3
dispute,3
interested,3
virtual,3
dissuasive,3
fragmentation,3
decrease,3
website,3
geographic,3
mention,3
identifiable,3
enforceable,3
cyber,3
ethics,3
commence,3
undetermined,3
question,3
pool,3
regional,3
inspection,3
principal,3
interfere,3
incorporate,3
trial,3
hour,3
discard,3
december,3
trust,3
validate,3
omission,3
applicability,3
categorise,3
family,3
societal,3
justification,3
increasingly,3
safely,3
similarly,3
expressly,3
consequently,3
necessarily,3
override,3
payment,3
return,3
hand,3
united,3
ireland,3
innocence,3
correctly,3
residence,3
resolve,3
original,3
feedback,3
lack,3
imbalance,3
notice,3
vitro,3
loop,3
inherent,3
analytic,3
systems,3
notwithstanding,3
live,3
readily,3
assumption,3
transaction,3
align,3
convergence,3
accommodate,3
distinguish,3
simple,3
concise,3
maintenance,3
untargeted,3
automatic,3
acceptable,3
certify,3
etc,3
implicit,3
contexts,3
temporarily,3
permanently,3
civilian,3
offender,3
aircraft,3
skill,3
inference,3
stateless,3
ees,2
statute,2
student,2
admission,2
job,2
president,2
appropriateness,2
periodic,2
quantity,2
heating,2
appreciable,2
gas,2
co,2
adaptiveness,2
exhibit,2
observer,2
renewable,2
warning,2
client,2
expiry,2
interoperable,2
authenticity,2
accountable,2
utmost,2
trustful,2
comprehensible,2
cleaning,2
aggregation,2
capturing,2
instantaneously,2
transmit,2
expand,2
scraping,2
internet,2
cctv,2
precluded,2
corrigible,2
reversible,2
deletion,2
regular,2
emotional,2
blue,2
distance,2
perceive,2
simultaneously,2
satisfied,2
partially,2
near,2
camera,2
contrast,2
capture,2
closed,2
fatigue,2
narcotic,2
custom,2
instrumental,2
disable,2
gesture,2
integer,2
intervene,2
separately,2
major,2
denmark,2
benchmarking,2
collaborate,2
undesirable,2
automated,2
safeguarding,2
construe,2
profile,2
persist,2
statistical,2
vital,2
widespread,2
fast,2
iterative,2
optimal,2
gap,2
anonymise,2
rigour,2
collaboration,2
minority,2
originate,2
fault,2
unexpected,2
interrupt,2
compatible,2
promotional,2
trustworthiness,2
hazard,2
nations,2
picture,2
functionally,2
appliance,2
burn,2
opacity,2
variable,2
crucial,2
compromise,2
malicious,2
cyberattack,2
arrest,2
warrant,2
exhaustive,2
ready,2
ict,2
assurance,2
objectively,2
urgent,2
deliver,2
privately,2
airport,2
ordinary,2
favourable,2
affixing,2
learnable,2
toy,2
referendum,2
referenda,2
logistical,2
pursuit,2
difference,2
foresee,2
overlap,2
inability,2
predetermine,2
stipulate,2
initially,2
developer,2
widely,2
unlimited,2
interinstitutional,2
better,2
systematically,2
implication,2
concept,2
pseudonymisation,2
agricultural,2
forestry,2
wheel,2
quadricycle,2
marine,2
rail,2
purchase,2
transmission,2
m,2
execute,2
services,2
imposition,2
card,2
recommend,2
smooth,2
detecting,2
atmosphere,2
radio,2
recreational,2
craft,2
cableway,2
installation,2
subcontracting,2
cessation,2
terrorist,2
punishable,2
practices,2
questionnaire,2
guidelines,2
team,2
anonymisation,2
amount,2
reinforcement,2
inaccuracy,2
ethnicity,2
exhaustively,2
narrowly,2
download,2
tune,2
imply,2
irreversible,2
entirety,2
majority,2
regulated,2
centralised,2
tattoo,2
difficulty,2
gaseous,2
fuel,2
mutandi,2
exempt,2
consultancy,2
attest,2
ascertain,2
ask,2
generative,2
generation,2
study,2
cen,2
electrotechnical,2
cenelec,2
telecommunications,2
institute,2
easy,2
procurement,2
residential,2
etsi,2
Ã ,2
refrain,2
incompatible,2
identical,2
comparable,2
unrelated,2
feeling,2
assembly,2
repository,2
prototype,2
distinctive,2
biodiversity,2
tackle,2
scoring,2
multi,2
deadline,2
annexes,2
occupant,2
academic,2
deviation,2
grading,2
past,2
pricing,2
violate,2
mission,2
approximation,2
adco,2
query,2
commensurate,2
voluntarily,2
intentional,2
biological,2
building,2
equip,2
introduction,2
reserve,2
disease,2
advertising,2
fingerprint,2
deduce,2
philosophical,2
belief,2
seeking,2
disregarded,2
finally,2
dispatch,2
dispatching,2
firefighter,2
aid,2
patient,2
triage,2
calendar,2
timeline,2
adherence,2
measures,2
liable,2
branch,2
utilise,2
go,2
narrative,2
europol,2
recipient,2
sustainable,2
contract,2
nuclear,2
weapon,2
perception,2
deceptive,2
impair,2
contracting,2
coverage,2
lab,2
faith,2
regime,2
funding,2
path,2
advanced,2
revision,2
deny,2
reclaim,2
translation,2
creditworthiness,2
officio,2
face,2
designated,2
voting,2
trend,2
deceive,2
subvert,2
subliminal,2
leader,2
uncrc,2
civic,2
discourse,2
electoral,2
coherent,2
explore,2
scalability,2
reassess,2
anticipate,2
standalone,2
translate,2
novel,2
appreciably,2
resemble,2
falsely,2
appear,2
considerable,2
loss,2
detriment,2
partnership,2
excellence,2
contribution,2
adequacy,2
woman,2
sport,2
culture,2
artistic,2
fictional,2
analogous,2
generated,2
track,2
finalise,2
corresponding,2
assistive,2
editing,2
digitally,2
infrastructural,2
navigable,2
absence,2
insufficiently,2
binding,2
sound,2
operating,2
deception,2
obvious,2
truthful,2
evidently,2
satirical,2
advantage,2
hear,2
september,2
etias,2
science,2
tailor,2
intensity,2
labour,2
working,2
impersonation,2
illegally,2
stay,2
sis,2
decisions,2
url,2
observant,2
circumspect,2
residual,2
researcher,2
facilitation,2
records,2
curation,2
litigation,2
previous,2
budget,2
causal,2
annually,2
remotely,2
exhaust,2
allege,2
feed,2
sure,2
submission,2
division,1
symbolic,1
encoded,1
underscore,1
powers,1
auditing,1
authoritie,1
name,1
discussion,1
depth,1
adaptability,1
orient,1
humanitarian,1
lethal,1
fire,1
alarm,1
controlling,1
cloud,1
o,1
elect,1
twice,1
diligently,1
accurately,1
solve,1
transcend,1
reasoning,1
modelling,1
intervention,1
recoverable,1
necessity,1
reaction,1
boost,1
persuade,1
unwanted,1
nudge,1
impairs,1
dangerous,1
normal,1
utility,1
disseminate,1
host,1
illegality,1
foreign,1
bilaterally,1
cultural,1
drafting,1
replicate,1
euco,1
robotic,1
consciously,1
resist,1
legality,1
rapidly,1
hybrid,1
adaption,1
uncertainty,1
innovate,1
experiment,1
expeditiously,1
adequately,1
brain,1
reality,1
extreme,1
socio,1
processor,1
enjoy,1
consolidation,1
advance,1
interdisciplinary,1
raising,1
poverty,1
accumulate,1
distortion,1
excessive,1
intent,1
radiological,1
offensive,1
discovery,1
factory,1
prison,1
hallway,1
homogeneity,1
broadly,1
ultimately,1
sustain,1
recently,1
extensively,1
retrieval,1
reproduction,1
extraction,1
mental,1
rehabilitation,1
transformation,1
region,1
license,1
reveal,1
artist,1
startup,1
sorting,1
author,1
creator,1
consume,1
vast,1
horizon,1
costly,1
accredit,1
micro,1
eurohpc,1
eco,1
defective,1
necessitate,1
minimal,1
openly,1
redistribute,1
openness,1
varied,1
reinforce,1
kind,1
counterpart,1
evoke,1
constant,1
dissuade,1
price,1
monetise,1
compatibility,1
monetisation,1
unsupervised,1
library,1
immediacy,1
heighten,1
outweigh,1
ticket,1
manifestation,1
factual,1
unlocked,1
door,1
gate,1
fence,1
suggest,1
billion,1
typical,1
flexible,1
lawfulness,1
reinsurance,1
solvency,1
investigative,1
immovable,1
award,1
hall,1
leisure,1
square,1
park,1
forest,1
playground,1
location,1
indiscriminate,1
banking,1
apart,1
trigger,1
lowering,1
hinder,1
net,1
constructive,1
classified,1
ne,1
bis,1
idem,1
sheet,1
whilst,1
supportive,1
foreseeably,1
highly,1
concretely,1
precise,1
pivotal,1
cumulatively,1
mobile,1
destruction,1
core,1
unwilling,1
retraining,1
upper,1
adversely,1
mainly,1
whistleblower,1
breach,1
subsidiarity,1
continuity,1
transitional,1
advancement,1
decade,1
impossible,1
absolute,1
disabilities,1
grow,1
universal,1
accomplishment,1
commerce,1
station,1
entertainment,1
cinema,1
theatre,1
museum,1
concert,1
conference,1
complementarity,1
negatively,1
erroneous,1
varying,1
sale,1
endanger,1
preventive,1
fit,1
underfitting,1
overfitte,1
fixed,1
wrong,1
leverage,1
surrender,1
signatory,1
persons,1
principles,1
weigh,1
split,1
dactyloscopic,1
instant,1
timeframe,1
simulated,1
willingness,1
reside,1
concurrently,1
propagate,1
treaties,1
prerequisite,1
ultimate,1
lex,1
speciali,1
boundary,1
dataset,1
categorize,1
abduction,1
issuance,1
aggregated,1
autonomously,1
mathematical,1
assignment,1
circuit,1
subset,1
computer,1
urge,1
misunderstanding,1
kingdom,1
immaterial,1
note,1
debt,1
car,1
suspicion,1
offending,1
touch,1
legibility,1
illustrative,1
constraint,1
overridden,1
responsive,1
precision,1
exponent,1
vertically,1
consciousness,1
purposefully,1
individually,1
considerably,1
comprehend,1
strength,1
educate,1
allegation,1
disproportionately,1
magnitude,1
requirements,1
estimation,1
elimination,1
reduction,1
presumable,1
probabilistic,1
annotation,1
nationality,1
birth,1
institutional,1
minimisation,1
default,1
encryption,1
copying,1
raw,1
suspicious,1
updating,1
enrichment,1
formulation,1
acceptance,1
suppose,1
suitability,1
route,1
mass,1
gross,1
addressing,1
dysfunction,1
tendency,1
automation,1
disregard,1
button,1
halt,1
redundancy,1
backup,1
predictable,1
generalisability,1
therapeutical,1
inclined,1
gradually,1
amplify,1
government,1
try,1
mistake,1
evasion,1
flaw,1
providers,1
orderly,1
irrespectively,1
marketplace,1
sell,1
array,1
simultaneous,1
autonomous,1
robot,1
manufacturing,1
complex,1
stake,1
drive,1
interference,1
preview,1
filtration,1
customer,1
bankrupt,1
religion,1
intrinsically,1
falsify,1
falsified,1
secondary,1
visas,1
sophisticated,1
accurate,1
association,1
highlight,1
conservation,1
restoration,1
automotive,1
usable,1
convict,1
ante,1
aggregate,1
fill,1
derive,1
transform,1
un,1
refugees,1
geneva,1
logistic,1
refoulement,1
avenue,1
attestation,1
confidence,1
competitor,1
judgement,1
secrecy,1
requisite,1
possess,1
subsidiaries,1
connect,1
qualification,1
diligence,1
tax,1
anti,1
money,1
laundering,1
ignore,1
visibly,1
doubt,1
continued,1
confidentially,1
entirely,1
fifth,1
option,1
appeal,1
retain,1
spectrum,1
unstructured,1
tone,1
style,1
brand,1
personalise,1
reoffende,1
liberty,1
unjust,1
explainable,1
positive,1
completion,1
prosody,1
gait,1
posture,1
heart,1
rate,1
blood,1
odour,1
keystrokes,1
traditional,1
unfounded,1
electronically,1
offering,1
legibly,1
indelibly,1
detectable,1
distinguishable,1
exposure,1
conform,1
physically,1
shape,1
calculation,1
approved,1
materialise,1
calculate,1
capital,1
characterise,1
deprivation,1
join,1
expectation,1
successfully,1
positively,1
remit,1
discretionary,1
inflict,1
planned,1
lesson,1
setup,1
beneficiary,1
legitimately,1
deviate,1
indexing,1
speech,1
telecommunication,1
reversal,1
disregarding,1
abstract,1
enquiry,1
proactively,1
broad,1
recover,1
tion,1
intelligible,1
streamline,1
mutually,1
uniformly,1
benchmarke,1
dimension,1
diagnosis,1
pollution,1
maternity,1
illness,1
dependency,1
old,1
green,1
transition,1
mobility,1
promptly,1
isolated,1
answer,1
tacit,1
suitably,1
unannounced,1
site,1
prompt,1
inconvenience,1
proportionately,1
attend,1
discuss,1
third,1
lie,1
secretariat,1
convene,1
agenda,1
tasks,1
typology,1
n,1
agriculture,1
career,1
prospect,1
deserve,1
living,1
revise,1
lawyer,1
codes,1
monetary,1
advertisement,1
abovementioned,1
length,1
fund,1
chapters,1
production,1
targeted,1
learner,1
thinking,1
improperly,1
discriminate,1
food,1
aside,1
powerful,1
abusive,1
employ,1
distinguishably,1
impede,1
contradict,1
compensation,1
unaffected,1
explainability,1
found,1
problem,1
strike,1
negotiate,1
ethically,1
organization,1
